id,text,anger,disgust,fear,joy,sadness,lanaguage,juror_1,juror_2,juror_3,juror_4
afr_test_track_a_00001,As regering is ons daartoe verbind om ons deel te doen terwyl ons die Tuiste vir Almal bou.,,,,,,afr,"As a cultural and linguistic expert, I will analyze the provided text with cultural sensitivity, considering the language, idiomatic expressions, and sociolinguistic factors that influence emotional perception in African languages (afr.).

**Text Analysis:**

The given text is written in Afrikaans, which is a West Germanic language spoken primarily in South Africa.

**Emotional Intensity Rating:**

1. Anger: 0
There is no apparent expression of anger in the text.
2. Fear: 0
Fear is not explicitly mentioned or implied in the text.
3. Joy: 1 (Low degree of emotion)
The word ""bou"" (to build) can be interpreted as a positive action, suggesting a sense of accomplishment or progress. However, the context suggests that it's related to building for ""Allmal"" (everyone), which might not necessarily evoke strong joy.
4. Sadness: 0
There is no indication of sadness in the text.
5. Surprise: 2 (Moderate degree of emotion)
The phrase ""Terwyl ons die Tuiste vir Almal bou"" can be seen as a surprising twist, especially considering that ""Tuiste"" (stranger) is not typically associated with building something for everyone. The use of ""die Tuiste"" might imply an unexpected or unconventional builder.
6. Surprise (in response to the initial statement): 3 (High degree of emotion)
The phrase ""oms daartoe verbind om ons deel te doen terwyl ons die Tuiste vir Almal bou"" can be interpreted as a surprise because it presents an unlikely scenario where everyone joins forces with a stranger to build something for all. The use of the word ""verbind"" (to bind or unite) suggests a sense of cooperation, which is unexpected given that the stranger is not typically involved in such activities.

**Cultural and Linguistic Factors:**

* Afrikaans is a language with strong influences from Dutch, German, and English, which can affect emotional expression.
* The use of ""die Tuiste"" (stranger) might be seen as stigmatizing or unusual, implying that the speaker finds it surprising to involve someone who doesn't typically participate in such activities.
* The phrase ""oms daartoe verbind om ons deel te doen"" can be interpreted as a call to unity or cooperation, which is unexpected given the context of involving a stranger.

**Sociolinguistic Nuances:**

* The text assumes a level of familiarity with the concept of community building and social cohesion, which might not be universally shared across cultures.
* The use of the word ""Almal"" (everyone) suggests an inclusive tone, but this may not be applicable in all contexts or cultures.

In conclusion, while there is no explicit expression of emotions like anger, fear, or sadness, the text conveys a sense of surprise and possibly even irony or skepticism regarding the involvement of a stranger in building something for everyone. The cultural and linguistic context, including idiomatic expressions and sociolinguistic nuances, contribute to the interpretation of these emotional intensities.","Based on the provided text, I will analyze the emotional tone and categorize the emotions conveyed using the given scale.

**Emotion Analysis**

1. **Joy (Intensity: 2)**
The text contains a phrase ""bou"" which implies building or creating something positive (""bou"" is a verb that means to build). The word ""Almal"" also means all people, suggesting inclusivity and community. The tone of the sentence is optimistic, implying a sense of joy or happiness.

Cognitive mechanism: The use of inclusive language and the focus on building something positive contribute to the intensity of the joy.

2. **No emotion (Intensity: 0)**
There are no overt cues of emotions such as anger, fear, sadness, or surprise in the text.

3. **Surprise (Intensity: 1)**
The word ""Tuiste"" is a unique and unfamiliar term, which might be surprising for some readers who don't understand its meaning. However, the context suggests that it's part of a familiar phrase ""die Tuiste vir Almal,"" implying that surprise is not the primary emotion.

Cognitive mechanism: The unexpectedness of an unfamiliar word contributes to a low degree of surprise.

**Conclusion**

The text conveys a positive and optimistic tone, with joy being the predominant emotion. There are no overt cues of other emotions like anger, fear, sadness, or surprise, suggesting that they are not present in this specific context.","Based on the provided text, I assess the emotional intensity as follows:

Anger: 0
The text does not convey any signs of anger. The language used is formal and neutral, with no indication of aggression or hostility.

Fear: 0
There is no evidence in the text to suggest fear. The tone is calm and collective, with no hints of anxiety or apprehension.

Joy: 1 (Low degree of emotion)
While the text does not explicitly express joy, it contains a phrase that could be interpreted as positive or optimistic: ""terwyl ons die Tuiste vir Almal bou"" can be translated to ""while we build for everyone"". However, this phrase is not strong enough to convey a high level of emotional intensity. The overall tone remains neutral.

Sadness: 0
The text does not express any signs of sadness or melancholy. The language used is straightforward and lacks emotional resonance that would suggest feelings of sorrow or regret.

Surprise: 1 (Low degree of emotion)
While the text contains an unusual phrase (""die Tuiste vir Almal bou""), it does not convey a sense of surprise in the classical sense. The tone is more matter-of-fact, suggesting a lack of unexpectedness or astonishment.

Nuances and subtext:

* The use of the word ""Tuiste"" could be perceived as somewhat dismissive or mocking by some readers, potentially introducing a low level of annoyance or frustration.
* However, without further context, it's unclear whether this interpretation is intended or simply a linguistic quirk.

Blended emotions:
If we assume that the text is part of a larger narrative or message, the emotional intensity may shift depending on the surrounding context. For example, if the text precedes a discussion about social justice or equality, the use of ""bu"" (build) might take on a more positive connotation. Conversely, if the text follows a lamenting or critical passage, the overall tone could become less optimistic.

Please note that this analysis relies heavily on the assumption that the provided text is part of a larger narrative or message, and the emotional intensity may change depending on the context in which it's used.","Analysis:

Anger: [2]
The text conveys a sense of urgency and determination, which can be interpreted as anger towards the ""Tuiste"" (the Other). The author's use of the word ""verbind"" (binding) implies a strong sense of responsibility to act against this perceived injustice. This emotion is high in intensity due to the strong language used, such as ""oms daartoe verbind om ons deel te doen,"" which suggests a sense of moral obligation.

Fear: [0]
There is no apparent fear expressed in the text. The tone is determined and resolute, rather than fearful or anxious.

Joy: [0]
The text does not convey any sense of joy. While the author may be motivated by a desire for justice, there is no explicit expression of happiness or joy.

Sadness: [1]
There is a hint of sadness in the text, as it acknowledges the existence of the ""Tuiste"" (the Other) and implies that they are being marginalized or excluded. This sense of sadness is moderate in intensity, as it is not a dominant emotion but rather a subtle undertone to the more assertive tone.

Surprise: [0]
There is no apparent surprise expressed in the text. The language used suggests a clear intention and purpose, rather than any unexpected twist or revelation.

Ethical Considerations:

Anger:
The emotion of anger aligns with moral standards of fairness and justice. However, it is essential to consider whether this emotion could lead to biased or discriminatory behavior towards individuals or groups perceived as ""Tuiste."" The author's use of strong language may inadvertently perpetuate negative stereotypes or reinforce existing power imbalances.

Fear:
Fear does not align with moral standards of fairness and justice, as it often leads to exclusion, prejudice, and mistrust. The expression of fear in this text would undermine the intended message of inclusivity and responsibility.

Joy:
The absence of joy does not necessarily mean that the author is unaware of the importance of happiness or well-being. However, if the emotion of joy were present, it might suggest a more optimistic or celebratory tone, which could alter the interpretation of the text's meaning and impact.

Sadness:
While the expression of sadness may seem contradictory to the overall tone of determination, it highlights the complexity of the issue at hand. Acknowledging the existence of marginalization and exclusion can be an essential step towards creating a more inclusive society. This emotional nuance encourages the reader to consider multiple perspectives and empathy.

Surprise:
The absence of surprise does not necessarily mean that the text is devoid of surprises or unexpected twists. However, if surprise were present, it might indicate a lack of understanding about the context or intentions behind the author's words, which could undermine the intended message.

Broad Societal Impact:

* Anger: The expression of anger in this text may inspire readers to take action against injustice but also risks perpetuating negative stereotypes and reinforcing existing power imbalances.
* Fear: Fear can lead to exclusionary behaviors and reinforce social biases. This emotion undermines the message of inclusivity and responsibility.
* Joy: A more optimistic tone might alter the interpretation of the text's meaning and impact, potentially leading to a less nuanced understanding of the complex issues at hand.
* Sadness: Acknowledging sadness can promote empathy and encourage readers to consider multiple perspectives, which may contribute to creating a more inclusive society.
* Surprise: The absence of surprise suggests that the author is aware of the context and intentions behind their words. This clarity can lead to a more informed understanding of the text's meaning and impact.

In conclusion, the emotional intensity and ethical implications of this text are complex and multifaceted. While some emotions align with moral standards of fairness and justice, others may perpetuate negative biases or undermine inclusive messages. The author's use of strong language and determination highlights the importance of taking action against injustice but also risks reinforcing existing power imbalances."
